Id,Nama,Gambar,Lokasi,Alamat,Operasional,Makanan,Masakan,Halal,Fasilitas
1,Pepper Lunch,"https://ik.imagekit.io/tvlk/cul-asset/guys1L+Yyer9kzI3sp-pb0CG1j2bhflZGFUZOoIf1YOBAm37kEUOKR41ieUZm7ZJ/tvlk-prod-cul-assets/culinary/asset/REST_pep-720x720-FIT_AND_TRIM-c0d7cd7fa79297c805d29e2130c96f7b.jpeg?tr=q-40,c-at_max,w-1080,h-1920&amp;_src=imagekit",Trans Studio Mall,"Trans Studio Mall, Lantai 2, Jl. Gatot Subroto No. 289, Cibangkong, Batununggal, Bandung",10.00 - 22.00,Yakiniku: Daging: Nasi,Asia,?,Bawa Pulang
2,Yoshinoya,"https://ik.imagekit.io/tvlk/cul-asset/guys1L+Yyer9kzI3sp-pb0CG1j2bhflZGFUZOoIf1YOBAm37kEUOKR41ieUZm7ZJ/tvlk-prod-cul-assets/culinary/asset/REST_yos-720x900-FIT_AND_TRIM-d1a91b26fcf3823b262724ba9466eeec.jpeg?tr=q-40,c-at_max,w-1080,h-1920&amp;_src=imagekit",Trans Studio Mall,"Trans Studio Mall Lantai 2 Unit #D04 & D05, Jl. Gatot Subroto No.289, Cibangkong, Batununggal, Kota Bandung",10.00 - 22.00,Rice Bowl: Tempura: Katsu,Asia: Jepang,Ya,Bawa Pulang: Kursi Bayi
3,Pago Restaurant,"https://ik.imagekit.io/tvlk/cul-asset/guys1L+Yyer9kzI3sp-pb0CG1j2bhflZGFUZOoIf1YOBAm37kEUOKR41ieUZm7ZJ/tvlk-prod-cul-assets/culinary/asset/REST_pas-720x720-FIT_AND_TRIM-564a1404b71f58cb15693d8a2aa000cf.jpeg?tr=q-40,c-at_max,w-1080,h-1920&amp;_src=imagekit",Hotel Papandayan,"Hotel Papandayan, Jl. Gatot Subroto No.83, Malabar, Lengkong, Bandung",18.00 - 22.00,Sukiyaki: Shabu Shabu,Jepang,?,Parkir: Reservasi: Kartu Kredit
4,Burger King,"https://ik.imagekit.io/tvlk/cul-asset/guys1L+Yyer9kzI3sp-pb0CG1j2bhflZGFUZOoIf1YOBAm37kEUOKR41ieUZm7ZJ/tvlk-prod-cul-assets/culinary/asset/REST_bbq-960x720-FIT_AND_TRIM-902e6089089cfcbfdb315fe6fd4eb27f.jpeg?tr=q-40,c-at_max,w-1080,h-1920&amp;_src=imagekit",Trans Studio Mall,"Trans Studio Mall Bandung, Jl. Gatot Subroto No.269-273, Bandung",10.00 - 22.00,Burger: Kentang Goreng: Ayam Goreng Tepung,Barat,Ya,Parkir: Kartu Kredit: Kursi Bayi
5,Es Teler 77,"https://ik.imagekit.io/tvlk/cul-asset/guys1L+Yyer9kzI3sp-pb0CG1j2bhflZGFUZOoIf1YOBAm37kEUOKR41ieUZm7ZJ/tvlk-prod-cul-assets/culinary/asset/REST_z1.-720x960-FIT_AND_TRIM-9625a49553849093a27b422482b85433.jpeg?tr=q-40,c-at_max,w-1080,h-1920&amp;_src=imagekit",Trans Studio Mall,"Trans Studio Mall, Lantai 2, Food Court, Jl. Gatot Subroto No. 289, Bandung",10.00 - 22.00,Bakmi: Bakso: Nasi Goreng: Mie,Indonesia,?,Bawa Pulang: Wifi: Kartu Kredit
6,Hokkaido Baked Cheese Tart,"https://ik.imagekit.io/tvlk/cul-asset/guys1L+Yyer9kzI3sp-pb0CG1j2bhflZGFUZOoIf1YOBAm37kEUOKR41ieUZm7ZJ/tvlk-prod-cul-assets/culinary/asset/REST_All-720x720-FIT_AND_TRIM-84bef720c0cadaeb149f936c97b2a3ee.jpeg?tr=q-40,c-at_max,w-1080,h-1920&amp;_src=imagekit",Trans Studio Mall,"Trans Studio Mall Bandung, Lantai 1, Jl. Jendral Gatot Subroto No. 289, Cibangkong, Batununggal, Bandung",10.00 - 22.00,Kue: Dessert,Jepang,?,Bawa Pulang
7,Grill Time,"https://ik.imagekit.io/tvlk/cul-asset/guys1L+Yyer9kzI3sp-pb0CG1j2bhflZGFUZOoIf1YOBAm37kEUOKR41ieUZm7ZJ/tvlk-prod-cul-assets/culinary/asset/REST_IMG-1280x720-FIT_AND_TRIM-b998fa8e62bac06f0a1beace02b2f133.jpeg?tr=q-40,c-at_max,w-1080,h-1920&amp;_src=imagekit",Trans Studio Mall,"Trans Studio Mall, Garden Resto Area, Lantai 2, Jl. Gatot Subroto No.289, Cibangkong, Batununggal, Bandung",10.00 - 22.00,BBQ,Asia,?,Bawa Pulang
8,Shihlin,"https://ik.imagekit.io/tvlk/cul-asset/guys1L+Yyer9kzI3sp-pb0CG1j2bhflZGFUZOoIf1YOBAm37kEUOKR41ieUZm7ZJ/tvlk-prod-cul-assets/culinary/asset/REST_1.j-720x720-FIT_AND_TRIM-ac22bfab80d4442ff8784a35f1799a69.jpeg?tr=q-40,c-at_max,w-1080,h-1920&amp;_src=imagekit",Trans Studio Mall,"Jl. Buah Batu No.165, Bandung",10.00 - 22.00,Camilan: Tempura: Kentang Goreng: Katsu,Asia,?,Bawa Pulang
9,Bakso Tahu & Siomay Shin Chan,"https://ik.imagekit.io/tvlk/cul-asset/guys1L+Yyer9kzI3sp-pb0CG1j2bhflZGFUZOoIf1YOBAm37kEUOKR41ieUZm7ZJ/tvlk-prod-cul-assets/culinary/asset/REST_201-1181x720-FIT_AND_TRIM-62d812d1b5f2fcf471317aac0851313b.jpeg?tr=q-40,c-at_max,w-1080,h-1920&amp;_src=imagekit",Buah Batu,"Jl. Cikawao No.43, Bandung",10.00 - 18.00,Siomay: Bakso,Indonesia,?,Bawa Pulang: Parkir: Area Merokok
10,STW,"https://ik.imagekit.io/tvlk/cul-asset/guys1L+Yyer9kzI3sp-pb0CG1j2bhflZGFUZOoIf1YOBAm37kEUOKR41ieUZm7ZJ/tvlk-prod-cul-assets/culinary/asset/REST_IMG-991x720-FIT_AND_TRIM-bd9ef793826172edd22d6adad129f690.jpeg?tr=q-40,c-at_max,w-1080,h-1920&amp;_src=imagekit",Buah Batu,"Jl. Palasari No. 45, Bandung",10.00 - 21.00,Rice Bowl: Pasta,Asia: Barat,?,Bawa Pulang: Parkir
11,Bebek Asap Balcon,"https://ik.imagekit.io/tvlk/cul-asset/guys1L+Yyer9kzI3sp-pb0CG1j2bhflZGFUZOoIf1YOBAm37kEUOKR41ieUZm7ZJ/tvlk-prod-cul-assets/culinary/asset/REST_534-720x720-FIT_AND_TRIM-af8a8f1efb6d7d92cf0a8f62a75ec682.jpeg?tr=q-40,c-at_max,w-1080,h-1920&amp;_src=imagekit",Buah Batu,"Jl. Lodaya No. 19, Bandung",10.30 - 21.30,Bebek: Ayam Goreng: Ayam Geprek: Ikan: Nasi,Indonesia,?,Bawa Pulang: Parkir: Reservasi
12,Makmur Jaya Coffee Roaster,"https://ik.imagekit.io/tvlk/cul-asset/guys1L+Yyer9kzI3sp-pb0CG1j2bhflZGFUZOoIf1YOBAm37kEUOKR41ieUZm7ZJ/tvlk-prod-cul-assets/culinary/asset/REST_Wha-480x720-FIT_AND_TRIM-f91e61ba32cfbd242e8fd79927e12970.jpeg?tr=q-40,c-at_max,w-1080,h-1920&amp;_src=imagekit",Buah Batu,"Jl. Lengkong Besar No.62, Bandung",07.30 - 23.00,Rice Bowl: Kentang Goreng: Kopi: Teh,Indonesia,?,Bawa Pulang: Parkir: Wifi: Kartu Kredit 
13,X.O Suki,"https://ik.imagekit.io/tvlk/cul-asset/guys1L+Yyer9kzI3sp-pb0CG1j2bhflZGFUZOoIf1YOBAm37kEUOKR41ieUZm7ZJ/tvlk-prod-cul-assets/culinary/asset/REST_IMG-960x720-FIT_AND_TRIM-0d036c77d9986be841394e46aae4be7c.jpeg?tr=q-40,c-at_max,w-1080,h-1920&amp;_src=imagekit",Trans Studio Mall,"Trans Studio Mall Bandung, Lantai Ground, Jl. Jenderal Gatot Subroto No.289, Cibangkong, Batununggal, Bandung",10.00 - 21.30,Bebek: Sukiyaki: Daging: Ikan,Asia: Jepang,?,Bawa Pulang: Wifi: Kartu Kredit: Kursi Bayi: Kursi Roda: Area Merokok
14,Raffel's Sandwich,"https://ik.imagekit.io/tvlk/cul-asset/guys1L+Yyer9kzI3sp-pb0CG1j2bhflZGFUZOoIf1YOBAm37kEUOKR41ieUZm7ZJ/tvlk-prod-cul-assets/culinary/asset/REST_zra-725x720-FIT_AND_TRIM-94bda506ca538b355acd6fa322ec1e27.png?tr=q-40,c-at_max,w-1080,h-1920&amp;_src=imagekit",Trans Studio Mall,"Trans Studio Mall, Lantai 2, Jl. Gatot Subroto No.289, Bandung",10.00 - 22.00,Burger: Sandwich: Kentang Goreng,Barat,?,Bawa Pulang: Kartu Kredit
15,Wingz O Wingz,"https://ik.imagekit.io/tvlk/cul-asset/guys1L+Yyer9kzI3sp-pb0CG1j2bhflZGFUZOoIf1YOBAm37kEUOKR41ieUZm7ZJ/tvlk-prod-cul-assets/culinary/asset/REST_men-720x720-FIT_AND_TRIM-56a7aec0910958cbed6a3101cf318e8c.jpeg?tr=q-40,c-at_max,w-720,h-1280&amp;_src=imagekit",BKR,"Jl. BKR No 93, Bandung",10.00 - 23.00,Wings: Kentang Goreng,Barat,?,Bawa Pulang: Parkir
16,Warung Nasi ibu Imas,"https://ik.imagekit.io/tvlk/cul-asset/guys1L+Yyer9kzI3sp-pb0CG1j2bhflZGFUZOoIf1YOBAm37kEUOKR41ieUZm7ZJ/tvlk-prod-cul-assets/culinary/asset/REST_IMG-960x720-FIT_AND_TRIM-69e939e185c2faa636de319624e2b241.jpeg?tr=q-40,c-at_max,w-1080,h-1920&amp;_src=imagekit",Balong Gede 67,"Jl. Balong Gede No. 67, Bandung",08.00 - 19.00,Ayam Goreng: Karedok: Ikan: Nasi,Sunda: Indonesia,?,Bawa Pulang: Parkir: Area Merokok
17,Domino's Pizza,"https://ik.imagekit.io/tvlk/cul-asset/guys1L+Yyer9kzI3sp-pb0CG1j2bhflZGFUZOoIf1YOBAm37kEUOKR41ieUZm7ZJ/tvlk-prod-cul-assets/culinary/asset/REST_z.j-720x720-FIT_AND_TRIM-f740623a386f31c5c3a97db528135261.jpeg?tr=q-40,c-at_max,w-720,h-1280&amp;_src=imagekit",Buah Batu,"Jl. Buah Batu No.163, Bandung",10.00 - 23.00,Pizza: Pasta,Barat,Ya,Bawa Pulang: Wifi: Kartu Kredit
18,Ngopi Doeloe,"https://ik.imagekit.io/tvlk/cul-asset/guys1L+Yyer9kzI3sp-pb0CG1j2bhflZGFUZOoIf1YOBAm37kEUOKR41ieUZm7ZJ/tvlk-prod-cul-assets/culinary/asset/REST_201-1046x720-FIT_AND_TRIM-1626b670596d29ac400cacb56a009cf4.jpeg?tr=q-40,c-at_max,w-1080,h-1920&amp;_src=imagekit",Burangrang,"Jl. Burangrang No. 27, Bandung",07.00 - 23.00,Burger: Tom Yum: Nasi Goreng: Pasta: Kopi: Teh,Asia: Italia,?,Bawa Pulang: Wifi: Kartu Kredit: Kursi Bayi: Kursi Roda
19,Sushi Tei,"https://ik.imagekit.io/tvlk/cul-asset/guys1L+Yyer9kzI3sp-pb0CG1j2bhflZGFUZOoIf1YOBAm37kEUOKR41ieUZm7ZJ/tvlk-prod-cul-assets/culinary/asset/REST_shu-720x720-FIT_AND_TRIM-6f9bfa67110b3e97d287a89d3420a1fb.jpeg?tr=q-40,c-at_max,w-720,h-1280&amp;_src=imagekit",Trans Studio Mall,"Trans Studio Mall, Lantai Ground, Jl. Gatot Subroto No. 289, Cibangkong, Batununggal, Bandung",10.00 - 22.00,Ramen: Sushi: Ikan: Katsu,Jepang,Ya,Bawa Pulang: Wifi
20,Chingu Korean Fan Cafe,"https://ik.imagekit.io/tvlk/cul-asset/guys1L+Yyer9kzI3sp-pb0CG1j2bhflZGFUZOoIf1YOBAm37kEUOKR41ieUZm7ZJ/tvlk-prod-cul-assets/culinary/asset/REST_Vou-720x720-FIT_AND_TRIM-ed345ebd100b99727c9bf331c67f237b.jpeg?tr=q-40,c-at_max,w-720,h-1280&amp;_src=imagekit",Buah Batu,"Jl. Buah Batu No.218, Bandung",10.00 - 22.00,Bibimbap: Bulgogi: Topokki,Korea,?,Bawa Pulang: Reservasi
21,Eatboss,"https://ik.imagekit.io/tvlk/cul-asset/guys1L+Yyer9kzI3sp-pb0CG1j2bhflZGFUZOoIf1YOBAm37kEUOKR41ieUZm7ZJ/tvlk-prod-cul-assets/culinary/asset/REST_617-720x720-FIT_AND_TRIM-fe9b9337bc13799020a7d62ce7c11650.jpeg?tr=q-40,c-at_max,w-720,h-1280&amp;_src=imagekit",Batununggal,"Jl. MTC Barat No.11, Sekejati, Kec. Buahbatu, Kota Bandung",10.00 - 22.00,Minuman: Kopi: Teh: Pizza: Pasta,Indonesia,?,Bawa Pulang: Reservasi
22,Rockstar Cafe Bar & Resto,"https://ik.imagekit.io/tvlk/cul-asset/guys1L+Yyer9kzI3sp-pb0CG1j2bhflZGFUZOoIf1YOBAm37kEUOKR41ieUZm7ZJ/tvlk-prod-cul-assets/culinary/asset/REST_201-960x720-FIT_AND_TRIM-7090a245855d0c5091ebd9fa7e4a6721.jpeg?tr=q-40,c-at_max,w-1080,h-1920&amp;_src=imagekit",Metro Indah Mall,"Metro Indah Mall, Jl. Soekarno Hatta no. 590, Bandung",10.00 - 00.00,Steak,Barat,?,Bawa Pulang: Reservasi: Kartu Kredit: Kursi Roda
23,Kopi Janji Jiwa,"https://ik.imagekit.io/tvlk/cul-asset/guys1L+Yyer9kzI3sp-pb0CG1j2bhflZGFUZOoIf1YOBAm37kEUOKR41ieUZm7ZJ/tvlk-prod-cul-assets/culinary/asset/REST_201-960x720-FIT_AND_TRIM-e3d253638d46519ecf3018f89e8796c1.jpeg?tr=q-40,c-at_max,w-1080,h-1920&amp;_src=imagekit",Bandung Kidul,"Jl. Batununggal Indah Raya No.130, Bandung",10.00 - 22.00,Minuman: Kopi: Teh,Indonesia,?,Bawa Pulang
24,Restoran Sederhana,"https://ik.imagekit.io/tvlk/cul-asset/guys1L+Yyer9kzI3sp-pb0CG1j2bhflZGFUZOoIf1YOBAm37kEUOKR41ieUZm7ZJ/tvlk-prod-cul-assets/culinary/asset/REST_673-720x720-FIT_AND_TRIM-6823de5c6c2bebffccbff8a2e7134af6.jpeg?tr=q-40,c-at_max,w-720,h-1280&amp;_src=imagekit",Batununggal,"Jl. Soekarno - Hatta No. 508, Bandung",10.00 - 00.00,Rendang: Ayam Goreng: Gulai: Sate Padang,Padang,?,Bawa Pulang: Reservasi: Kartu Kredit: Kursi Roda
25,Kopi Sedjati,"https://ik.imagekit.io/tvlk/cul-asset/guys1L+Yyer9kzI3sp-pb0CG1j2bhflZGFUZOoIf1YOBAm37kEUOKR41ieUZm7ZJ/tvlk-prod-cul-assets/culinary/asset/REST_201-960x720-FIT_AND_TRIM-b0471df4c389c33e328fceff106aa3d0.jpeg?tr=q-40,c-at_max,w-1080,h-1920&amp;_src=imagekit",Batununggal,"Jl. Margacinta No.91, Bandung",10.00 - 22.00,Minuman: Kopi: Teh,?,?,Bawa Pulang
26,Kedai Kopi Kulo,"https://ik.imagekit.io/tvlk/cul-asset/guys1L+Yyer9kzI3sp-pb0CG1j2bhflZGFUZOoIf1YOBAm37kEUOKR41ieUZm7ZJ/tvlk-prod-cul-assets/culinary/asset/REST_201-960x720-FIT_AND_TRIM-6bfcd43a46aa39eefbf7ac9290c12676.jpeg?tr=q-40,c-at_max,w-1080,h-1920&amp;_src=imagekit",Bandung Kidul,"Jl. Batununggal Indah IV No. 37, Bandung",09.00 - 19.00,Minuman: Kopi:Teh:Pizza:Pasta,Indonesia,?,Bawa Pulang
27,Baso Aci Akang MTC Bandung,"https://ik.imagekit.io/tvlk/cul-asset/guys1L+Yyer9kzI3sp-pb0CG1j2bhflZGFUZOoIf1YOBAm37kEUOKR41ieUZm7ZJ/tvlk-prod-cul-assets/culinary/asset/REST_201-720x895-FIT_AND_TRIM-3b3bcba17e396cdba3555ce31cceb208.jpeg?tr=q-40,c-at_max,w-720,h-1280&amp;_src=imagekit",Metro Indah Mall,"Komplek Metro Indah Mall, Jl. Soekarno Hatta Blok D No. 57, Sekejati, Kec. Buahbatu, Kota Bandung",10.00 - 22.00,Bakso,Indonesia,?,Bawa Pulang
28,Rumah Makan Cibiuk Bandung,"https://ik.imagekit.io/tvlk/ugc-review/guys1L+Yyer9kzI3sp-pb0CG1j2bhflZGFUZOoIf1YOBAm37kEUOKR41ieUZm7ZJ/tvlk-prod-ugc-photo/REVIEW/10580.ASSET.7308?tr=q-40,c-at_max,w-720,h-1280&amp;_src=imagekit",Batununggal,"Jl. Soekarno Hatta No.508, Batununggal, Bandung Kidul, Bandung",10.00 - 22.00,Ayam Goreng: Ikan Goreng: Nasi: Ayam Goreng Tepung,Indonesia,?,Parkir
29,McDonald's,"https://ik.imagekit.io/tvlk/cul-asset/guys1L+Yyer9kzI3sp-pb0CG1j2bhflZGFUZOoIf1YOBAm37kEUOKR41ieUZm7ZJ/tvlk-prod-cul-assets/culinary/asset/REST_IMG-960x720-FIT_AND_TRIM-a65c31c5794f4b5b889aa7c20950f9ee.jpeg?tr=q-40,c-at_max,w-1080,h-1920&amp;_src=imagekit",Soekarno Hatta Bandung,"Jl. Soekarno-Hatta No.611, Bandung",00.00 - 23.59,Burger: Kentang Goreng: Ayam Goreng Tepung,Barat,Ya,Bawa Pulang: Parkir: Wifi: Reservasi: Area Merokok
30,Bakso Malang H. Darmo,"https://ik.imagekit.io/tvlk/cul-asset/guys1L+Yyer9kzI3sp-pb0CG1j2bhflZGFUZOoIf1YOBAm37kEUOKR41ieUZm7ZJ/tvlk-prod-cul-assets/culinary/asset/REST_IMG-1113x720-FIT_AND_TRIM-01b79cead41340f68953a5cd021b6783.jpeg?tr=q-40,c-at_max,w-1080,h-1920&amp;_src=imagekit",Metro Indah Mall,"Metro Indah Mall, Lantai 2, Food Court, Jl. Soekarno Hatta No. 590, Bandung",10.00 - 22.00,Bakso,Indonesia,?,Bawa Pulang
31,J.CO Donuts & Coffee,"https://ik.imagekit.io/tvlk/cul-asset/guys1L+Yyer9kzI3sp-pb0CG1j2bhflZGFUZOoIf1YOBAm37kEUOKR41ieUZm7ZJ/tvlk-prod-cul-assets/culinary/asset/REST_300-1083x720-FIT_AND_TRIM-63b2f143465773cbc0a8164a47a0a513.jpeg?tr=q-40,c-at_max,w-1080,h-1920&amp;_src=imagekit",Metro Indah Mall,"Metro Indah Mall, Lantai .3, Jl. Soekarno Hatta No. 590, Bandung",10.00 - 22.00,Kue: Dessert: Kopi: Teh,Indonesia,?,Bawa Pulang: Kartu Kredit
32,Warung Nasi Bebek Sinjay,"https://ik.imagekit.io/tvlk/cul-asset/guys1L+Yyer9kzI3sp-pb0CG1j2bhflZGFUZOoIf1YOBAm37kEUOKR41ieUZm7ZJ/tvlk-prod-cul-assets/culinary/asset/REST_201-1280x720-FIT_AND_TRIM-efa24c3b50570ebb8353b265588582c4.jpeg?tr=q-40,c-at_max,w-1080,h-1920&amp;_src=imagekit",Batununggal,"Jl. Soekarno Hatta No. 618, Manjahlega, Rancasari, Bandung",09.00 - 22.00,Bebek: Ayam Goreng: Nasi,Indonesia,?,Bawa Pulang
33,Daisuki,"https://ik.imagekit.io/tvlk/cul-asset/guys1L+Yyer9kzI3sp-pb0CG1j2bhflZGFUZOoIf1YOBAm37kEUOKR41ieUZm7ZJ/tvlk-prod-cul-assets/culinary/asset/REST_201-960x720-FIT_AND_TRIM-4cb36af26d5aa7c5a4eecd4dde02fa44.jpeg?tr=q-40,c-at_max,w-1080,h-1920&amp;_src=imagekit",Metro Indah Mall,"Metro Indah Mall, Lantai .3, Jl. Soekarno Hatta no. 590, Bandung",10.00 - 22.00,BBQ: Udon: Sukiyaki,Jepang,?,Bawa Pulang
34,Harliman Boulangerie Patisserie,"https://ik.imagekit.io/tvlk/cul-asset/guys1L+Yyer9kzI3sp-pb0CG1j2bhflZGFUZOoIf1YOBAm37kEUOKR41ieUZm7ZJ/tvlk-prod-cul-assets/culinary/asset/REST_524-720x900-FIT_AND_TRIM-b7012bf55f3c7c34d0f7c607687fa2a9.jpeg?tr=q-40,c-at_max,w-720,h-1280&amp;_src=imagekit",Bandung Kidul,"Jl. Batununggal Indah Raya no. 164, Bandung",09.00 - 21.00,Kue: Dessert,Barat,?,Bawa Pulang
35,Gu-I Korean Grill,"https://ik.imagekit.io/tvlk/cul-asset/guys1L+Yyer9kzI3sp-pb0CG1j2bhflZGFUZOoIf1YOBAm37kEUOKR41ieUZm7ZJ/tvlk-prod-cul-assets/culinary/asset/REST_IMG-960x720-FIT_AND_TRIM-6d64b3ac58608a670c3233e91d23d5c3.jpeg?tr=q-40,c-at_max,w-1080,h-1920&amp;_src=imagekit",Batununggal,"Jl. Batununggal Indah Raya No.425 - 42, Bandung",11.30 - 21.30,BBQ,Korea,?,Bawa Pulang
36,Tanduk Cau,"https://ik.imagekit.io/tvlk/cul-asset/guys1L+Yyer9kzI3sp-pb0CG1j2bhflZGFUZOoIf1YOBAm37kEUOKR41ieUZm7ZJ/tvlk-prod-cul-assets/culinary/asset/REST_201-720x960-FIT_AND_TRIM-ae794a3f89778401b6cb0033a6e93f87.jpeg?tr=q-40,c-at_max,w-720,h-1280&amp;_src=imagekit",Batununggal,"Foodlife Griya Batununggal, Jl. Batununggal Indah No. 1, Bandung",10.00 - 22.00,Camilan,Indonesia,?,Bawa Pulang
37,High School Coffee,"https://ik.imagekit.io/tvlk/cul-asset/guys1L+Yyer9kzI3sp-pb0CG1j2bhflZGFUZOoIf1YOBAm37kEUOKR41ieUZm7ZJ/tvlk-prod-cul-assets/culinary/asset/REST_hig-943x720-FIT_AND_TRIM-a99b11f294fc80e38aac3af74c19e5f5.jpeg?tr=q-40,c-at_max,w-1080,h-1920&amp;_src=imagekit",Batununggal,"Jl. Batununggal Indah II No. 31A, Batununggal, Bandung Kidul, Bandung",09.00 - 21.00,Minuman: Kopi: Teh,Indonesia,?,Bawa Pulang: Wifi
38,RM. Bakul Daun,"https://ik.imagekit.io/tvlk/cul-asset/guys1L+Yyer9kzI3sp-pb0CG1j2bhflZGFUZOoIf1YOBAm37kEUOKR41ieUZm7ZJ/tvlk-prod-cul-assets/culinary/asset/REST_IMG-960x720-FIT_AND_TRIM-b21872437d0f415695039ae9b6959447.jpeg?tr=q-40,c-at_max,w-1080,h-1920&amp;_src=imagekit",Batununggal,"Jl. Terusan Buah Batu No. 195, Bandung",09.00 - 20.00,Rendang: Ayam Goreng: Gulai,Padang,?,Bawa Pulang: Area Merokok
39,Ayam Bakar 27 & Sate Cilampeni,"https://ik.imagekit.io/tvlk/cul-asset/guys1L+Yyer9kzI3sp-pb0CG1j2bhflZGFUZOoIf1YOBAm37kEUOKR41ieUZm7ZJ/tvlk-prod-cul-assets/culinary/asset/REST_201-960x720-FIT_AND_TRIM-9e63e82884799170e72b438c489531cc.jpeg?tr=q-40,c-at_max,w-1080,h-1920&amp;_src=imagekit",Metro Indah Mall,"Metro Indah Mall, Blok G No. 1, Jl. Soekarno Hatta No. 590, Bandung",10.00 - 22.00,Soto: Ayam Goreng: Nasi Goreng,Indonesia,?,Bawa Pulang
40,X Crepes,"https://ik.imagekit.io/tvlk/cul-asset/guys1L+Yyer9kzI3sp-pb0CG1j2bhflZGFUZOoIf1YOBAm37kEUOKR41ieUZm7ZJ/tvlk-prod-cul-assets/culinary/asset/REST_201-720x960-FIT_AND_TRIM-373b2fbb15be56751e6edad9a5187116.jpeg?tr=q-40,c-at_max,w-720,h-1280&amp;_src=imagekit",Metro Indah Mall,"Metro Indah Mall, Lantai 2, Food Court, Jl. Soekarno Hatta No. 590, Bandung",10.00 - 22.00,Crepes,Barat,?,Bawa Pulang
41,Chicken University,"https://ik.imagekit.io/tvlk/cul-asset/guys1L+Yyer9kzI3sp-pb0CG1j2bhflZGFUZOoIf1YOBAm37kEUOKR41ieUZm7ZJ/tvlk-prod-cul-assets/culinary/asset/REST_IMG-960x720-FIT_AND_TRIM-a233e30aecadd49cfb85edb1aad43025.jpeg?tr=q-40,c-at_max,w-1080,h-1920&amp;_src=imagekit",Kiaracondong,"Jl. Kiaracondong No. 305, Kebun Kangkung, Kiaracondong, Bandung",11.00 - 21.00,Ayam Goreng Tepung: Sup,Barat,?,Bawa Pulang: Parkir: Wifi: Reservasi
42,MBS Hotplate,"https://ik.imagekit.io/tvlk/cul-asset/guys1L+Yyer9kzI3sp-pb0CG1j2bhflZGFUZOoIf1YOBAm37kEUOKR41ieUZm7ZJ/tvlk-prod-cul-assets/culinary/asset/REST_IMG-720x1280-FIT_AND_TRIM-ccc545f134d5192d762d0bc015725c3f.jpeg?tr=q-40,c-at_max,w-720,h-1280&amp;_src=imagekit",Prama Toserba,"Prama Toserba, Lantai 2, Jl. Babakan Sari 1 No.119, Babakan Sari, Kiaracondong, Bandung",10.00 - 21.00,Hotpot: Teppanyaki: Steak,Asia,?,Bawa Pulang: Parkir
43,Seafood Hotplate,"https://ik.imagekit.io/tvlk/cul-asset/guys1L+Yyer9kzI3sp-pb0CG1j2bhflZGFUZOoIf1YOBAm37kEUOKR41ieUZm7ZJ/tvlk-prod-cul-assets/culinary/asset/REST_201-720x922-FIT_AND_TRIM-24beee9060404b639b3e8b0e78452e4e.jpeg?tr=q-40,c-at_max,w-720,h-1280&amp;_src=imagekit",Prama Toserba,"Prama Toserba, Lantai 2, Jl. Babakan Sari 1 No.119, Bandung",08.00 - 21.30,Udang: Seafood,?,?,Bawa Pulang
44,Boba Brownsu D'3,"https://ik.imagekit.io/tvlk/cul-asset/guys1L+Yyer9kzI3sp-pb0CG1j2bhflZGFUZOoIf1YOBAm37kEUOKR41ieUZm7ZJ/tvlk-prod-cul-assets/culinary/asset/REST_IMG-1280x720-FIT_AND_TRIM-c6ed2fbdd94def6fd52eca7e50a66b16.jpeg?tr=q-40,c-at_max,w-1080,h-1920&amp;_src=imagekit",Kiaracondong,"Jl. Babakan Sari 1, Babakan Sari, Kiaracondong, Bandung",10.00 - 22.00,Minuman: Bubble Tea,?,?,Bawa Pulang: Parkir
45,Haus!,"https://ik.imagekit.io/tvlk/cul-asset/guys1L+Yyer9kzI3sp-pb0CG1j2bhflZGFUZOoIf1YOBAm37kEUOKR41ieUZm7ZJ/tvlk-prod-cul-assets/culinary/asset/REST_201-1115x720-FIT_AND_TRIM-430d1033161325e5cf10b4b32a8e0c52.jpeg?tr=q-40,c-at_max,w-1080,h-1920&amp;_src=imagekit",Babakan Sari,"Jl. Babakan Sari 1 No.8, Bandung",10.00 - 21.00,Minuman: Kopi: Teh,?,?,Bawa Pulang
46,Donat Madu,"https://ik.imagekit.io/tvlk/cul-asset/guys1L+Yyer9kzI3sp-pb0CG1j2bhflZGFUZOoIf1YOBAm37kEUOKR41ieUZm7ZJ/tvlk-prod-cul-assets/culinary/asset/REST_IMG-960x720-FIT_AND_TRIM-dd9bd1c6073e1660a2378eeecc063614.jpeg?tr=q-40,c-at_max,w-1080,h-1920&amp;_src=imagekit",Kiaracondong,"Jl. Kiaracondong No. 379A, Kebun Kangkung, Kiaracondong, Bandung",08.00 - 20.00,Donat: Dessert,?,?,Bawa Pulang: Parkir
47,Rumah Makan Laksana,"https://ik.imagekit.io/tvlk/cul-asset/guys1L+Yyer9kzI3sp-pb0CG1j2bhflZGFUZOoIf1YOBAm37kEUOKR41ieUZm7ZJ/tvlk-prod-cul-assets/culinary/asset/REST_IMG-1280x720-FIT_AND_TRIM-f4ce06cdadcbf4a9c45abf0e92d4a8d1.jpeg?tr=q-40,c-at_max,w-1080,h-1920&amp;_src=imagekit",Kiaracondong,"Jl. Soekarno - Hatta No. 395, Bandung",10.00 - 22.00,Soto: Ayam Goreng: Mie Goreng: Jajanan Pasar: Makanan Pedas,Sunda,?,Bawa Pulang: Wifi: Reservasi: Kartu Kredit: Kursi Bayi: Kursi Roda: Area Merokok
48,Amanda Brownies Kukus,"https://ik.imagekit.io/tvlk/cul-asset/guys1L+Yyer9kzI3sp-pb0CG1j2bhflZGFUZOoIf1YOBAm37kEUOKR41ieUZm7ZJ/tvlk-prod-cul-assets/culinary/asset/REST_IMG-960x720-FIT_AND_TRIM-457ed398c2c608a1404cd19a13355914.jpeg?tr=q-40,c-at_max,w-1080,h-1920&amp;_src=imagekit",Kiaracondong,"Jl. Terusan Jakarta No. 6, Babakan Surabaya, Kiaracondong, Bandung",07.00 - 21.00,Kue: Dessert,?,?,Bawa Pulang: Parkir
49,La'rissa,"https://ik.imagekit.io/tvlk/cul-asset/guys1L+Yyer9kzI3sp-pb0CG1j2bhflZGFUZOoIf1YOBAm37kEUOKR41ieUZm7ZJ/tvlk-prod-cul-assets/culinary/asset/REST_IMG-720x1170-FIT_AND_TRIM-37b39aa5a13dd373e5be65b7429e1a89.jpeg?tr=q-40,c-at_max,w-720,h-1280&amp;_src=imagekit",Kiaracondong,"Jl. Terusan Jakarta No. 77I, Bandung",06.00 - 20.45,Kue: Dessert,?,?,Bawa Pulang
50,RM. Sugih Priangan,"https://ik.imagekit.io/tvlk/cul-asset/guys1L+Yyer9kzI3sp-pb0CG1j2bhflZGFUZOoIf1YOBAm37kEUOKR41ieUZm7ZJ/tvlk-prod-cul-assets/culinary/asset/REST_399-720x720-FIT_AND_TRIM-8cca98285da658729ad225fc9a35c727.jpeg?tr=q-40,c-at_max,w-720,h-1280&amp;_src=imagekit",Kiaracondong,"Jl. Terusan Jakarta No. 48, Babakan Surabaya, Kiaracondong, Bandung",08.00 - 22.00,Ayam Goreng: Ikan Goreng: Nasi Timbel,Indonesia,?,Bawa Pulang: Parkir: Wifi: Reservasi: Kursi Bayi: Area Merokok
51,Warung Ngopi 821,"https://ik.imagekit.io/tvlk/cul-asset/guys1L+Yyer9kzI3sp-pb0CG1j2bhflZGFUZOoIf1YOBAm37kEUOKR41ieUZm7ZJ/tvlk-prod-cul-assets/culinary/asset/REST_IMG-1280x720-FIT_AND_TRIM-5f6975ba32790beb288c122d953ea0d6.jpeg?tr=q-40,c-at_max,w-1080,h-1920&amp;_src=imagekit",Kiaracondong,"Jl. Jendral Ahmad Yani No. 821, Padasuka, Kiaracondong, Bandung",10.00 - 22.00,Pizza: Minuman: Kopi: Teh,?,?,Bawa Pulang: Parkir: Wifi: Reservasi: Area Merokok
52,Fat Oppa Korean BBQ,"https://ik.imagekit.io/tvlk/cul-asset/guys1L+Yyer9kzI3sp-pb0CG1j2bhflZGFUZOoIf1YOBAm37kEUOKR41ieUZm7ZJ/tvlk-prod-cul-assets/culinary/asset/REST_IMG-705x1280-FIT_AND_TRIM-08535a9a033abed6dc4c61d03f892901.jpeg?tr=q-40,c-at_max,w-720,h-1280&amp;_src=imagekit",Kiaracondong,"Jl. Terusan Jakarta No.43, Bandung",11.00 - 22.00,Bulgogi: Topokki,Jepang,?,Bawa Pulang
53,Juragan Pempek,"https://ik.imagekit.io/tvlk/cul-asset/guys1L+Yyer9kzI3sp-pb0CG1j2bhflZGFUZOoIf1YOBAm37kEUOKR41ieUZm7ZJ/tvlk-prod-cul-assets/culinary/asset/REST_201-720x960-FIT_AND_TRIM-b6d5778f1b14cca5642dad3c1865731e.jpeg?tr=q-40,c-at_max,w-720,h-1280&amp;_src=imagekit",Prama Toserba,"Prama Toserba, Lantai 2 Jl. Babakan Sari 1 No.119, Babakan Sari, Kiaracondong,Bandung",10.00 - 21.00,Pempek,Palembang,?,Bawa Pulang
54,Teh Manis Cafe,"https://ik.imagekit.io/tvlk/cul-asset/guys1L+Yyer9kzI3sp-pb0CG1j2bhflZGFUZOoIf1YOBAm37kEUOKR41ieUZm7ZJ/tvlk-prod-cul-assets/culinary/asset/REST_IMG-1280x720-FIT_AND_TRIM-a34484945e243c14a1edba23a85b4620.jpeg?tr=q-40,c-at_max,w-1080,h-1920&amp;_src=imagekit",Kiaracondong,"Jl. Terusan Gatot Subroto No. 495, Kebun Kangkung, Kiaracondong, Bandung",11.00 - 23.00,Nasi Campur: Teh: Mie Goreng: Roti Bakar,Indonesia,?,Bawa Pulang: Parkir: Wifi
55,Baso Tahu Aroma,"https://ik.imagekit.io/tvlk/cul-asset/guys1L+Yyer9kzI3sp-pb0CG1j2bhflZGFUZOoIf1YOBAm37kEUOKR41ieUZm7ZJ/tvlk-prod-cul-assets/culinary/asset/REST_IMG-1162x720-FIT_AND_TRIM-b3f0d0e11b3c1d6ab72de224c7854648.jpeg?tr=q-40,c-at_max,w-1080,h-1920&amp;_src=imagekit",Lucky Square,"Lucky Square, Lantai 2, Food Corner, Jl. Terusan Jakarta No. 2, Babakan Surabaya, Kiaracondong, Bandung",10.00 - 22.00,Siomay: Bakso,Indonesia,?,Bawa Pulang: Parkir
56,Mechanic Coffee,"https://ik.imagekit.io/tvlk/cul-asset/guys1L+Yyer9kzI3sp-pb0CG1j2bhflZGFUZOoIf1YOBAm37kEUOKR41ieUZm7ZJ/tvlk-prod-cul-assets/culinary/asset/REST_IMG-1280x720-FIT_AND_TRIM-cf115c54bda7ec45ecae3d85014ce343.jpeg?tr=q-40,c-at_max,w-1080,h-1920&amp;_src=imagekit",Kiaracondong,"Jl. Babakan Sari 1 No.4, Babakan Sari, Kiaracondong, Bandung",09.00 - 21.00,Minuman: Kopi: Teh,?,?,Bawa Pulang: Parkir: Wifi: Area Merokok
57,Cheese Chicken,"https://ik.imagekit.io/tvlk/cul-asset/guys1L+Yyer9kzI3sp-pb0CG1j2bhflZGFUZOoIf1YOBAm37kEUOKR41ieUZm7ZJ/tvlk-prod-cul-assets/culinary/asset/REST_IMG-1280x720-FIT_AND_TRIM-7c9d1ec49dea0865e24ae2c44d64248d.jpeg?tr=q-40,c-at_max,w-1080,h-1920&amp;_src=imagekit",Kiaracondong,"Jl. Purwakarta No.14, Babakan Surabaya, Kiaracondong, Bandung",08.00 - 21.00,Ayam Goreng Tepung,Barat,?,Bawa Pulang: Parkir: Wifi
58,Martabak Sakura 168,"https://ik.imagekit.io/tvlk/cul-asset/guys1L+Yyer9kzI3sp-pb0CG1j2bhflZGFUZOoIf1YOBAm37kEUOKR41ieUZm7ZJ/tvlk-prod-cul-assets/culinary/asset/REST_IMG-960x720-FIT_AND_TRIM-615bc2a6bcf5d16e0fe2c6b372f637f2.jpeg?tr=q-40,c-at_max,w-1080,h-1920&amp;_src=imagekit",Kiaracondong,"Jl. Ibrahim Adjie No. 250, Kebun Kangkung, Kiaracondong, Bandung",09.00 - 22.15,Dessert: Martabak,?,?,Bawa Pulang: Parkir
59,Kedai Coger BlazBluz,"https://ik.imagekit.io/tvlk/cul-asset/guys1L+Yyer9kzI3sp-pb0CG1j2bhflZGFUZOoIf1YOBAm37kEUOKR41ieUZm7ZJ/tvlk-prod-cul-assets/culinary/asset/REST_IMG-720x1280-FIT_AND_TRIM-86837b3c9160da3ff56869891c199584.jpeg?tr=q-40,c-at_max,w-720,h-1280&amp;_src=imagekit",Kiaracondong,"l. Babakan Sari 1 No.11, Babakan Sari, Kiaracondong, Bandung",13.00 - 23.00,Minuman: Kopi: Teh,?,?,Bawa Pulang: Parkir: Wifi: Reservasi: Area Merokok
60,Kabobs,"https://ik.imagekit.io/tvlk/cul-asset/guys1L+Yyer9kzI3sp-pb0CG1j2bhflZGFUZOoIf1YOBAm37kEUOKR41ieUZm7ZJ/tvlk-prod-cul-assets/culinary/asset/REST_IMG-1280x720-FIT_AND_TRIM-afb1cec77f5b2f1ba754b92594ccf5ac.jpeg?tr=q-40,c-at_max,w-1080,h-1920&amp;_src=imagekit",Kiaracondong,"Jl. Ibrahim Adjie No. 372A, Binong, Batununggal, Bandung",10.00 - 22.00,Kebab,Turki,?,Bawa Pulang: Parkir: Wifi
61,Mana Cafe,"https://ik.imagekit.io/tvlk/cul-asset/guys1L+Yyer9kzI3sp-pb0CG1j2bhflZGFUZOoIf1YOBAm37kEUOKR41ieUZm7ZJ/tvlk-prod-cul-assets/culinary/asset/REST_P_2-960x720-FIT_AND_TRIM-e002ea06dbcdf81b8dc1d47f30c944ce.jpeg?tr=q-40,c-at_max,w-1080,h-1920&amp;_src=imagekit",Dago,"Jl. Cibengang No. 17, Bandung",14.00 - 21.00,Ayam Goreng: Bakso: Nasi Goreng: Kentang Goreng: Kopi: Teh,Indonesia,Ya,Bawa Pulang: Parkir: Wifi: Reservasi: Area Merokok
62,Yagami Ramen House,"https://ik.imagekit.io/tvlk/cul-asset/guys1L+Yyer9kzI3sp-pb0CG1j2bhflZGFUZOoIf1YOBAm37kEUOKR41ieUZm7ZJ/tvlk-prod-cul-assets/culinary/asset/REST_202-960x720-FIT_AND_TRIM-4eab2c6c40c51c0251083bdacd81b2fc.jpeg?tr=q-40,c-at_max,w-1080,h-1920&amp;_src=imagekit",Coblong,"Jl. Ir H Djuanda No 185, Dago, Coblong, Bandung",10.00 - 22.00,Ramen,Asia,?,Bawa Pulang: Parkir
63,The Harvest,"https://ik.imagekit.io/tvlk/ugc-review/guys1L+Yyer9kzI3sp-pb0CG1j2bhflZGFUZOoIf1YOBAm37kEUOKR41ieUZm7ZJ/tvlk-prod-ugc-photo/REVIEW/17432966_REVIEW_1588073669904_6a6d94c4abd557ef?tr=q-40,c-at_max,w-720,h-1280&amp;_src=imagekit",Dago,"Jl. Ir. H. Djuanda No. 15, Bandung",08.00 - 22.00,Kue: Dessert,?,?,Bawa Pulang: Parkir: Kartu Kredit
64,District Cafe,"https://ik.imagekit.io/tvlk/cul-asset/guys1L+Yyer9kzI3sp-pb0CG1j2bhflZGFUZOoIf1YOBAm37kEUOKR41ieUZm7ZJ/tvlk-prod-cul-assets/culinary/asset/REST_6_2-960x720-FIT_AND_TRIM-f07de12439d6e8753deb6d075bd27c68.jpeg?tr=q-40,c-at_max,w-1080,h-1920&amp;_src=imagekit",Dago Atas,"l. Ir. H. Juanda No.339, Bandung",11.00 - 00.00,Kopi: Teh: Es Krim,Indonesia,?,Bawa Pulang
65,Swiss Kitchen at Swiss-Belresort,"https://ik.imagekit.io/tvlk/cul-asset/guys1L+Yyer9kzI3sp-pb0CG1j2bhflZGFUZOoIf1YOBAm37kEUOKR41ieUZm7ZJ/tvlk-prod-cul-assets/culinary/asset/REST_202-960x720-FIT_AND_TRIM-32b26a0ebcc6b7db2855482e91063249.jpeg?tr=q-40,c-at_max,w-1080,h-1920&amp;_src=imagekit",Dago Atas,"Swiss-Belresort Dago Heritage, Lantai Lobby, Jl. Lapangan Golf Dago Atas No. 78, Cigadung, Cibeunying Kaler, Bandung",06.00 - 22.00,Sushi: Mac and Cheese,Barat: Jepang,?,Bawa Pulang: Parkir: Wifi: Reservasi: Kartu Kredit: Kursi Bayi: Area Merokok
66,Warung Pasta,"https://ik.imagekit.io/tvlk/cul-asset/guys1L+Yyer9kzI3sp-pb0CG1j2bhflZGFUZOoIf1YOBAm37kEUOKR41ieUZm7ZJ/tvlk-prod-cul-assets/culinary/asset/REST_3_2-960x720-FIT_AND_TRIM-8898b7831bcf77b78ef855ff3f2e9a40.jpeg?tr=q-40,c-at_max,w-1080,h-1920&amp;_src=imagekit",Dago,"Jl. Ganeca No.4, Bandung",07.00 - 23.00,Pizza: Pasta,Italia,?,Bawa Pulang: Parkir: Reservasi: Kartu Kredit: Area Merokok
67,Coco Rico,"https://ik.imagekit.io/tvlk/cul-asset/guys1L+Yyer9kzI3sp-pb0CG1j2bhflZGFUZOoIf1YOBAm37kEUOKR41ieUZm7ZJ/tvlk-prod-cul-assets/culinary/asset/REST_BF2-720x901-FIT_AND_TRIM-85ff1dd2fd7587f52e2f71a5b3df43c2.jpeg?tr=q-40,c-at_max,w-720,h-1280&amp;_src=imagekit",Dago Atas,"Jl. Bukit Pakar Timur No. 19, Bandung",09.00 - 23.00,BBQ: Ayam Goreng: Nasi Goreng: Steak: Pasta,Barat,?,Bawa Pulang: Parkir: Wifi: Reservasi: Kartu Kredit: Kursi Roda: Area Merokok
68,Sierra Cafe & Lounge,"https://ik.imagekit.io/tvlk/ugc-review/guys1L+Yyer9kzI3sp-pb0CG1j2bhflZGFUZOoIf1YOBAm37kEUOKR41ieUZm7ZJ/tvlk-prod-ugc-photo/REVIEW/228730.ASSET.95080?tr=q-40,c-at_max,w-720,h-1280&amp;_src=imagekit",Dago Atas,"Jl. Bukit Pakar No. 33, Bandung",15.00 - 21.00,Iga: Ayam Goreng: Daging: Pasta: Nasi: Sup,Asia: Barat,?,Bawa Pulang: Reservasi
69,The Parlor,"https://ik.imagekit.io/tvlk/cul-asset/guys1L+Yyer9kzI3sp-pb0CG1j2bhflZGFUZOoIf1YOBAm37kEUOKR41ieUZm7ZJ/tvlk-prod-cul-assets/culinary/asset/REST_IMG-720x960-FIT_AND_TRIM-eb39a27f7399f4e63c444943900a34a1.jpeg?tr=q-40,c-at_max,w-720,h-1280&amp;_src=imagekit",Dago Atas,"Jl. Raya Ranca Kendal Luhur No.9, Gerbang Dago Resort Dago Atas, Bandung",13.00 - 21.00,Rice Bowl: Ayam Goreng: Steak: Salad,Asia: Barat: Indonesia,?,Bawa Pulang: Parkir: Wifi: Kartu Kredit: Kursi Roda: Area Merokok
70,The Peak Connoisseurs at Swissbell,"https://ik.imagekit.io/tvlk/cul-asset/guys1L+Yyer9kzI3sp-pb0CG1j2bhflZGFUZOoIf1YOBAm37kEUOKR41ieUZm7ZJ/tvlk-prod-cul-assets/culinary/asset/REST_IMG-1134x720-FIT_AND_TRIM-2d9e28334c261446a803eef6ec374f87.jpeg?tr=q-40,c-at_max,w-1080,h-1920&amp;_src=imagekit",Resort Dago,"Swissbell-Resort Dago, Jl. Raya Golf Dago No.78, Bandung",10.00 - 23.59,Minuman: Wine: Soju: Bir,?,?,Bawa Pulang: Kartu Kredit
71,Cafe D'Pakar Bandung,"https://ik.imagekit.io/tvlk/cul-asset/C8Kj5-dCnE75BMxGpYYdcJVuEQbV3CnmF8ONfpQKM2n9jzSxIGG5kZNhhHY-p7nw/v2/culinary-tool-asset/guys1L+Yyer9kzI3sp/pb0CG1j2bhflZGFUZOoIf1YMmzMd/HaD8U/YhZI+EvjMM+6RmcSU0aUVNGx3wRqN5pFrVEZen10plOIrvSgZsW5PfPJqh0C4VivT7UNmnfW55T/uFqZPkKQ0Grb6fnxefMAqKyloDDpp/UYcRG4Uq9D+uaMwwbgeWu94ExJkiy1+S?tr=q-40,c-at_max,w-720,h-1280&amp;_src=imagekit",Dago,"Jl. Dago Pakar Utara, Sekejolang, Bandung",11.00 - 18.00,Ayam Goreng: Mie: Mie Goreng: Roti Bakar,Asia: Indonesia,?,Bawa Pulang: Parkir: Wifi: Area Merokok
72,Skyline Best View Resto,"https://ik.imagekit.io/tvlk/cul-asset/guys1L+Yyer9kzI3sp-pb0CG1j2bhflZGFUZOoIf1YOBAm37kEUOKR41ieUZm7ZJ/tvlk-prod-cul-assets/culinary/asset/REST_sky-960x720-FIT_AND_TRIM-4c2ac62551f27decc414f23c13cc8092.jpeg?tr=q-40,c-at_max,w-1080,h-1920&amp;_src=imagekit",Dago,"Jl. Bukit Pakar Timur No. 108, Bandung",10.00 - 23.00,Iga: Steak: Pasta: Nasi,Eropa: Asia: Barat: Indonesia,?,Parkir: Wifi: Reservasi: Kartu Kredit: Kursi Bayi: Area Merokok
73,Grind Joe Coffee,"https://ik.imagekit.io/tvlk/cul-asset/guys1L+Yyer9kzI3sp-pb0CG1j2bhflZGFUZOoIf1YOBAm37kEUOKR41ieUZm7ZJ/tvlk-prod-cul-assets/culinary/asset/REST_IMG-960x720-FIT_AND_TRIM-c84bf69fae7f1f3af4d8a4e70fd8234e.jpeg?tr=q-40,c-at_max,w-1080,h-1920&amp;_src=imagekit",Dago,"Hotel Moxy, Jl. Ir. H.Djuanda No. 69, Bandung",10.00 - 22.00,Camilan: Kopi: Teh,?,?,Bawa Pulang: Parkir: Reservasi: Kartu Kredit
74,Gyu Kaku,"https://ik.imagekit.io/tvlk/cul-asset/guys1L+Yyer9kzI3sp-pb0CG1j2bhflZGFUZOoIf1YOBAm37kEUOKR41ieUZm7ZJ/tvlk-prod-cul-assets/culinary/asset/REST_201-937x720-FIT_AND_TRIM-68db22f24831d1320333261c1a22448b.jpeg?tr=q-40,c-at_max,w-1080,h-1920&amp;_src=imagekit",Bandung Wetan,"Jl. Pangeran Kornel No. 7, Bandung",10.00 - 18.00,BBQ,Jepang,?,Wifi: Reservasi: Kartu Kredit
75,The Stone,"https://ik.imagekit.io/tvlk/cul-asset/guys1L+Yyer9kzI3sp-pb0CG1j2bhflZGFUZOoIf1YOBAm37kEUOKR41ieUZm7ZJ/tvlk-prod-cul-assets/culinary/asset/REST_25_-960x720-FIT_AND_TRIM-0cd558a1a6014fc4e736ee0a8146b5be.jpeg?tr=q-40,c-at_max,w-1080,h-1920&amp;_src=imagekit",Dago Atas,"Jl. Raya Ranca Kendal Luhur No. 5, Bandung",11.00 - 23.00,Iga: Ayam Goreng: Nasi Goreng: Steak: Ikan: Sup,Asia: Barat: Indonesia,?,Bawa Pulang: Parkir: Wifi: Kursi Roda: Area Merokok
76,Eat Boss,"https://ik.imagekit.io/tvlk/cul-asset/guys1L+Yyer9kzI3sp-pb0CG1j2bhflZGFUZOoIf1YOBAm37kEUOKR41ieUZm7ZJ/tvlk-prod-cul-assets/culinary/asset/REST_202-960x720-FIT_AND_TRIM-d73bb42859f406b97b041495326b74b3.jpeg?tr=q-40,c-at_max,w-1080,h-1920&amp;_src=imagekit",Dago,"Jl. Ir. H. Juanda No.72, Bandung",10.00 - 22.00,Nasi Goreng: Sate: Mac and Cheese,Barat: Indonesia,?,Bawa Pulang
77,Martabak Mertua,"https://ik.imagekit.io/tvlk/cul-asset/guys1L+Yyer9kzI3sp-pb0CG1j2bhflZGFUZOoIf1YOBAm37kEUOKR41ieUZm7ZJ/tvlk-prod-cul-assets/culinary/asset/REST_202-960x720-FIT_AND_TRIM-ed9bb498e429d5a0693eb6c106bd7e10.jpeg?tr=q-40,c-at_max,w-1080,h-1920&amp;_src=imagekit",Dipatiukur,"Jl. Dipati Ukur No. 84A, Bandung",15.00 - 22.00,Dessert: Martabak,?,?,Bawa Pulang
78,Rumah Miring,"https://ik.imagekit.io/tvlk/ugc-review/guys1L+Yyer9kzI3sp-pb0CG1j2bhflZGFUZOoIf1YOBAm37kEUOKR41ieUZm7ZJ/tvlk-prod-ugc-photo/REVIEW/3996733_REVIEW_1574236408719_e2550748505744d7?tr=q-40,c-at_max,w-720,h-1280&amp;_src=imagekit",Dago,"Jl. Dago Giri No. 119, Bandung",11.00 - 00.00,Pizza: Iga: Wings: Steak: Pasta,Italia,?,Bawa Pulang: Wifi: Kartu Kredit: Kursi Bayi: Kursi Roda: Area Merokok
79,Dago Panyawangan,"https://ik.imagekit.io/tvlk/cul-asset/guys1L+Yyer9kzI3sp-pb0CG1j2bhflZGFUZOoIf1YOBAm37kEUOKR41ieUZm7ZJ/tvlk-prod-cul-assets/culinary/asset/REST_202-927x720-FIT_AND_TRIM-02ade36ace6cb9b4b8961b7af0721e07.jpeg?tr=q-40,c-at_max,w-1080,h-1920&amp;_src=imagekit",Dago,"Jl. Ir. H. Juanda No 127, Bandung",10.00 - 23.00,Ayam Goreng: Nasi Goreng: Ikan: Sop Buntut,Sunda: Indonesia,?,Bawa Pulang: Parkir: Wifi: Reservasi: Kartu Kredit
80,Hanamasa,"https://ik.imagekit.io/tvlk/cul-asset/guys1L+Yyer9kzI3sp-pb0CG1j2bhflZGFUZOoIf1YOBAm37kEUOKR41ieUZm7ZJ/tvlk-prod-cul-assets/culinary/asset/REST_han-720x720-FIT_AND_TRIM-807248fe5b118a398edc22c5e2db6974.jpeg?tr=q-40,c-at_max,w-720,h-1280&amp;_src=imagekit",Dago,"Jl. Ir. H. Juanda No. 48, Bandung",11.00 - 22.00,Teppanyaki: Daging: Shabu Shabu: Yakiniku,Cina,?,Bawa Pulang: Parkir: Wifi: Reservasi: Kartu Kredit: Kursi Bayi: Kursi Roda: Area Merokok
81,Boda Barn,"https://ik.imagekit.io/tvlk/cul-asset/guys1L+Yyer9kzI3sp-pb0CG1j2bhflZGFUZOoIf1YOBAm37kEUOKR41ieUZm7ZJ/tvlk-prod-cul-assets/culinary/asset/REST_202-960x720-FIT_AND_TRIM-cb4b222a2c1e3eb0928428569301a970.jpeg?tr=q-40,c-at_max,w-1080,h-1920&amp;_src=imagekit",Lembang,"Jl. Pagermaneuh No. 75, Pagerwangi, Lembang, Bandung Barat",10.00 - 21.00,Soto: Bebek: Ayam Goreng: Nasi Goreng: Mie,Indonesia,Ya,Parkir: Reservasi: Area Merokok
82,Sapu Lidi,"https://ik.imagekit.io/tvlk/cul-asset/guys1L+Yyer9kzI3sp-pb0CG1j2bhflZGFUZOoIf1YOBAm37kEUOKR41ieUZm7ZJ/tvlk-prod-cul-assets/culinary/asset/REST_201-960x720-FIT_AND_TRIM-777e26bbd07f58a52df1c4bb1b79c247.jpeg?tr=q-40,c-at_max,w-1080,h-1920&amp;_src=imagekit",Cihampelas,"Jl. Cihampelas 7, Bandung",09.00 - 22.00,Bebek: Ayam Goreng: Rica rica,Indonesia,?,Bawa Pulang: Parkir: Wifi: Reservasi: Kartu Kredit: Kursi Bayi: Area Merokok
83,Sapulidi Cafe & Resort,"https://ik.imagekit.io/tvlk/cul-asset/guys1L+Yyer9kzI3sp-pb0CG1j2bhflZGFUZOoIf1YOBAm37kEUOKR41ieUZm7ZJ/tvlk-prod-cul-assets/culinary/asset/REST_202-960x720-FIT_AND_TRIM-d101de5c9d940c1829b286a35067552f.jpeg?tr=q-40,c-at_max,w-1080,h-1920&amp;_src=imagekit",Graha Puspa,"Graha Puspa, Jl. Puspa Raya, Cihideung, Parongpong, Bandung Barat",10.00 - 22.00,Ayam Goreng: Sate: Ikan Bakar: Gado Gado: Ikan Goreng,Sunda,Ya,Parkir: Wifi: Reservasi: Area Merokok
84,Liwet Asep Strawberry,"https://ik.imagekit.io/tvlk/cul-asset/guys1L+Yyer9kzI3sp-pb0CG1j2bhflZGFUZOoIf1YOBAm37kEUOKR41ieUZm7ZJ/tvlk-prod-cul-assets/culinary/asset/REST_202-960x720-FIT_AND_TRIM-6370100ce3200083fab26c69fb812e80.jpeg?tr=q-40,c-at_max,w-1080,h-1920&amp;_src=imagekit",Lembang,"Jl. Raya Lembang - Bandung No. 177, Jayagiri, Lembang, Bandung Barat",07.00 - 22.00,Ayam Goreng: Jus: Ikan Goreng,Sunda,Ya,Parkir
85,Imah Seniman,"https://ik.imagekit.io/tvlk/ugc-review/guys1L+Yyer9kzI3sp-pb0CG1j2bhflZGFUZOoIf1YOBAm37kEUOKR41ieUZm7ZJ/tvlk-prod-ugc-photo/REVIEW/1910241_REVIEW_1576114251895_fe8cc7d46644e6fe?tr=q-40,c-at_max,w-720,h-1280&amp;_src=imagekit",Lembang,"Imah Seniman, Jl. Kolonel Masturi No. 8, Gudangkahuripan, Lembang, Bandung Barat",07.00 - 21.00,Ayam Goreng: Nasi Goreng: Ikan,Asia: Sunda,Ya,Parkir: Wifi: Reservasi: Area Merokok
86,Saung Bakakak Lembang Khas Nusantara,"https://ik.imagekit.io/tvlk/cul-asset/guys1L+Yyer9kzI3sp-pb0CG1j2bhflZGFUZOoIf1YOBAm37kEUOKR41ieUZm7ZJ/tvlk-prod-cul-assets/culinary/asset/REST_Wha-960x720-FIT_AND_TRIM-8427c351065355b9aff5dd4426b0a6b5.jpeg?tr=q-40,c-at_max,w-1080,h-1920&amp;_src=imagekit",Lembang,"Jl. Raya Maribaya No. 124, Langensari, Lembang, Bandung Barat",08.00 - 19.00,Ayam Bakar: Ayam Goreng: Ikan Goreng: Nasi Goreng,Indonesia,?,Bawa Pulang: Parkir: Wifi: Reservasi: Kursi Bayi: Area Merokok
87,The Barn,"https://ik.imagekit.io/tvlk/cul-asset/guys1L+Yyer9kzI3sp-pb0CG1j2bhflZGFUZOoIf1YOBAm37kEUOKR41ieUZm7ZJ/tvlk-prod-cul-assets/culinary/asset/REST_IMG-720x1018-FIT_AND_TRIM-1d69b1e85764514fa3303fba091591cf.jpeg?tr=q-40,c-at_max,w-720,h-1280&amp;_src=imagekit",Lembang,"Jl. Trinity Kp Daun Blok I No 31 Km 4, Bandung",09.00 - 21.00,Kue: Kopi: Dessert: Teh,?,?,Bawa Pulang
88,Burgundy Dine & Wine,"https://ik.imagekit.io/tvlk/cul-asset/guys1L+Yyer9kzI3sp-pb0CG1j2bhflZGFUZOoIf1YOBAm37kEUOKR41ieUZm7ZJ/tvlk-prod-cul-assets/culinary/asset/RESTAURANTS_PHOTO_11.jpg-1080x720-FIT_AND_TRIM-a33dc5bf27861dd7c7ca3d53a72ab412.jpeg?tr=q-40,c-at_max,w-1080,h-1920&amp;_src=imagekit",Lembang,"Jl. Raya Maribaya No. 163, Langensari, Lembang, Bandung Barat",10.00 - 22.00,Wine: Burger: Steak: Pasta: Kentang Goreng,Barat,?,Bawa Pulang: Parkir: Wifi: Reservasi: Kartu Kredit: Kursi Bayi: Kursi Roda: Area Merokok
89,Sindang Reret,"https://ik.imagekit.io/tvlk/cul-asset/C8Kj5-dCnE75BMxGpYYdcJVuEQbV3CnmF8ONfpQKM2n9jzSxIGG5kZNhhHY-p7nw/v2/culinary-asset/guys1L+Yyer9kzI3sp/pb0CG1j2bhflZGFUZOoIf1YMmzMd/HaD8U/YhZI+EvjMM+6RmcSU0aUVNGx3wRqN5pLy/p2hMkNf211rPvdwuBbXlopYfDg3F1r+6Ylzyzji19DiSL7vFogMJiyAO4eaKTHe+zt4ruHxLfl1+Z7BserCuaMwwbgeWu94ExJkiy1+S?tr=q-40,c-at_max,w-1080,h-1920&amp;_src=imagekit",Lembang,"Jl. Raya Cikole KM . 22 , Cikole, Lembang, Bandung Barat",10.00 - 22.00,Bebek: Ayam Goreng: Gado Gado: Ikan Goreng: Cumi,Sunda,Ya,Parkir: Wifi: Reservasi: Area Merokok
90,Sei Lelebo,"https://ik.imagekit.io/tvlk/cul-asset/guys1L+Yyer9kzI3sp-pb0CG1j2bhflZGFUZOoIf1YOBAm37kEUOKR41ieUZm7ZJ/tvlk-prod-cul-assets/culinary/asset/REST_202-960x720-FIT_AND_TRIM-1d0b776f5cfb1fc0afc64883952003cd.jpeg?tr=q-40,c-at_max,w-1080,h-1920&amp;_src=imagekit",Lembang,"Jl. Punclut No. 234, Ciumbuleuit, Cidadap, Bandung",09.00 - 22.00,Se'i: Babi: Bir,Indonesia,Tidak,Wifi: Reservasi: Area Merokok
91,RM Tahu Sumedang Renyah,"https://ik.imagekit.io/tvlk/cul-asset/guys1L+Yyer9kzI3sp-pb0CG1j2bhflZGFUZOoIf1YOBAm37kEUOKR41ieUZm7ZJ/tvlk-prod-cul-assets/culinary/asset/REST_409-720x720-FIT_AND_TRIM-9a5ee315b0baefcfccdfaf0368ddf7c3.jpeg?tr=q-40,c-at_max,w-720,h-1280&amp;_src=imagekit",Lembang,"Jl. Raya Lembang No.216, Lembang, Bandung Barat, Bandung",07.00 - 21.00,Nasi Goreng: Mie Goreng: Nasi Timbel: Tahu,Indonesia,?,Bawa Pulang: Parkir: Reservasi
92,Natural Resto and Strawberry Land,"https://ik.imagekit.io/tvlk/cul-asset/guys1L+Yyer9kzI3sp-pb0CG1j2bhflZGFUZOoIf1YOBAm37kEUOKR41ieUZm7ZJ/tvlk-prod-cul-assets/culinary/asset/REST_202-1056x720-FIT_AND_TRIM-ea8b360b89a060515a00e8932a530d3d.jpeg?tr=q-40,c-at_max,w-1080,h-1920&amp;_src=imagekit",Lembang,"Jl. Raya Tangkuban Parahu No. 109, Cibogo, Lembang, Bandung Barat",09.00 - 18.00,Pecel: Ayam Goreng: Sate,Indonesia,?,Parkir
93,Dago Bakery,"https://ik.imagekit.io/tvlk/cul-asset/guys1L+Yyer9kzI3sp-pb0CG1j2bhflZGFUZOoIf1YOBAm37kEUOKR41ieUZm7ZJ/tvlk-prod-cul-assets/culinary/asset/REST_202-960x720-FIT_AND_TRIM-6fe089b3ac92c4cccb19184c60f1228f.jpeg?tr=q-40,c-at_max,w-1080,h-1920&amp;_src=imagekit",Lembang,"Jl. Pagermaneuh No. 57, Lembang, Bandung",09.00 - 22.00,Pizza: Sandwich: Roti: Kue,Barat: Indonesia,Ya,Parkir: Reservasi: Area Merokok
94,Cakrawala Resto,"https://ik.imagekit.io/tvlk/cul-asset/guys1L+Yyer9kzI3sp-pb0CG1j2bhflZGFUZOoIf1YOBAm37kEUOKR41ieUZm7ZJ/tvlk-prod-cul-assets/culinary/asset/REST_201-960x720-FIT_AND_TRIM-ed49b5ce7a7db9d7de8465538a0ffb36.jpeg?tr=q-40,c-at_max,w-1080,h-1920&amp;_src=imagekit",Lembang,"Jl. Pageumaneuh No. 57, Ciumbuleuit, Cidadap, Bandung",09.00 - 22.00,Pangsit: Mie: Steak: Pasta,Indonesia,Ya,Parkir: Wifi: Reservasi: Area Merokok
95,Tafso Barn,"https://ik.imagekit.io/tvlk/cul-asset/guys1L+Yyer9kzI3sp-pb0CG1j2bhflZGFUZOoIf1YOBAm37kEUOKR41ieUZm7ZJ/tvlk-prod-cul-assets/culinary/asset/REST_IMG-720x960-FIT_AND_TRIM-aabdd55cf69402bb51c4b459c2d29d11.jpeg?tr=q-40,c-at_max,w-720,h-1280&amp;_src=imagekit",Lembang,"Jl. Baru Laksana No. 75, Pagerwangi, Lembang, Bandung",11.00 - 23.00,Nasi Goreng: Sushi: Nasi Uduk,Indonesia,Ya,Parkir: Wifi: Reservasi: Area Merokok
96,Tahu Susu Lembang,"https://ik.imagekit.io/tvlk/cul-asset/guys1L+Yyer9kzI3sp-pb0CG1j2bhflZGFUZOoIf1YOBAm37kEUOKR41ieUZm7ZJ/tvlk-prod-cul-assets/culinary/asset/REST_201-1280x591-FIT_AND_TRIM-6dec8a94cc5704b8017f87f06afd584e.jpeg?tr=q-40,c-at_max,w-1080,h-1920&amp;_src=imagekit",Lembang,"Jl. Raya Lembang No. 177, Jayagiri, Lembang, Bandung Barat",09.00 - 21.00,Jajanan Pasar: Tahu,Indonesia,?,Bawa Pulang: Parkir
97,Omah Bamboo Restaurant at The Lodge Maribaya,"https://ik.imagekit.io/tvlk/cul-asset/guys1L+Yyer9kzI3sp-pb0CG1j2bhflZGFUZOoIf1YOBAm37kEUOKR41ieUZm7ZJ/tvlk-prod-cul-assets/culinary/asset/REST_202-1280x591-FIT_AND_TRIM-8b057d6380aadf36b8f433bb1ce4065f.jpeg?tr=q-40,c-at_max,w-1080,h-1920&amp;_src=imagekit",Lembang,"The Lodge Maribaya, Jl. Maribaya No. 149 , Bandung",08.00 - 18.00,Ayam Goreng: Nasi,Sunda,?,Bawa Pulang: Parkir: Reservasi
98,The Bale Restaurant,"https://ik.imagekit.io/tvlk/cul-asset/guys1L+Yyer9kzI3sp-pb0CG1j2bhflZGFUZOoIf1YOBAm37kEUOKR41ieUZm7ZJ/tvlk-prod-cul-assets/culinary/asset/REST_202-960x720-FIT_AND_TRIM-39e3a34e1d21e66f916cbe306396c17d.jpeg?tr=q-40,c-at_max,w-1080,h-1920&amp;_src=imagekit",Mulberry Hill The Lodge,"Mulberry Hill By The Lodge, Jl. Maribaya Timur No. 1, Lembang, Bandung Barat, Bandung",07.30 - 22.00,Nasi Goreng: Pasta: Salad,Indonesia,?,Parkir: Kartu Kredit
99,Saung Pengkolan,"https://ik.imagekit.io/tvlk/cul-asset/guys1L+Yyer9kzI3sp-pb0CG1j2bhflZGFUZOoIf1YOBAm37kEUOKR41ieUZm7ZJ/tvlk-prod-cul-assets/culinary/asset/REST_202-960x720-FIT_AND_TRIM-e892251e62297614ba5b2bc90058d5a9.jpeg?tr=q-40,c-at_max,w-1080,h-1920&amp;_src=imagekit",Lembang,"Jl. Raya Lembang KM. 12.3 No 35, Gudangkahuripan, Lembang, Bandung Barat",08.00 - 21.30,Ayam Bakar: Ayam Goreng: Ikan Bakar: Gulai: Ikan Goreng,Sunda,?,Bawa Pulang: Parkir: Wifi: Kartu Kredit: Kursi Bayi: Area Merokok
100,Kaki Bukit Coffee & Yard,"https://ik.imagekit.io/tvlk/cul-asset/guys1L+Yyer9kzI3sp-pb0CG1j2bhflZGFUZOoIf1YOBAm37kEUOKR41ieUZm7ZJ/tvlk-prod-cul-assets/culinary/asset/REST_202-960x720-FIT_AND_TRIM-d405797e8063b3a2b51a301805e8e70b.jpeg?tr=q-40,c-at_max,w-1080,h-1920&amp;_src=imagekit",Lembang,"Jl. Maribaya No. 16, Kayuambon, Lembang, Bandung Barat",08.00 - 21.00,Sandwich: Rice Bowl: Kopi: Teh,Asia,?,Bawa Pulang: Parkir: Wifi: Reservasi: Kartu Kredit: Area Merokok